CREATE TABLE IF NOT EXISTS users (
  userid BIGSERIAL primary key,
  age INTEGER NOT NULL
);

CREATE TABLE IF NOT EXISTS items (
  itemid BIGSERIAL primary key,
  price INTEGER NOT NULL
);

CREATE TABLE IF NOT EXISTS purchases (
  purchaseid BIGSERIAL primary key,
  userid INTEGER REFERENCES users(userid),
  itemid INTEGER REFERENCES items(itemid),
  date DATE NOT NULL
);

INSERT INTO users
VALUES
  (1, 19),
  (2, 21),
  (3, 24),
  (4, 26),
  (5, 28),
  (6, 31),
  (7, 33),
  (8, 38),
  (9, 43),
  (10, 51);

INSERT INTO items
VALUES
  (1, 50),
  (2, 431),
  (3, 1500),
  (4, 130),
  (5, 4290),
  (6, 340),
  (7, 2200),
  (8, 24),
  (9, 760),
  (10, 3500);

INSERT INTO purchases
VALUES
  (1, 9, 9, '2017-10-07'),
  (2, 7, 3, '2015-04-27'),
  (3, 2, 4, '2015-11-19'),
  (4, 7, 7, '2018-02-03'),
  (5, 3, 2, '2016-11-10'),
  (6, 10, 5, '2015-08-15'),
  (7, 4, 1, '2018-10-28'),
  (8, 4, 7, '2018-11-24'),
  (9, 6, 4, '2015-03-16'),
  (10, 5, 9, '2019-08-13'),
  (11, 6, 4, '2015-09-17'),
  (12, 3, 2, '2017-03-17'),
  (13, 10, 6, '2017-01-07'),
  (14, 4, 10, '2015-08-06'),
  (15, 5, 1, '2019-06-21'),
  (16, 9, 1, '2019-07-12'),
  (17, 6, 9, '2017-08-11'),
  (18, 10, 3, '2017-02-03'),
  (19, 6, 1, '2016-10-13'),
  (20, 1, 2, '2018-11-06'),
  (21, 3, 9, '2020-03-13'),
  (22, 4, 10, '2018-03-24'),
  (23, 10, 9, '2020-10-03'),
  (24, 5, 3, '2019-07-02'),
  (25, 6, 6, '2015-04-30'),
  (26, 6, 9, '2020-12-29'),
  (27, 9, 2, '2020-04-25'),
  (28, 1, 4, '2016-11-30'),
  (29, 3, 7, '2017-06-23'),
  (30, 8, 1, '2018-10-06'),
  (31, 1, 1, '2019-08-17'),
  (32, 9, 5, '2016-02-02'),
  (33, 8, 2, '2019-12-16'),
  (34, 10, 9, '2019-11-16'),
  (35, 10, 7, '2019-08-24'),
  (36, 2, 2, '2020-05-16'),
  (37, 7, 6, '2016-11-11'),
  (38, 5, 1, '2016-02-06'),
  (39, 6, 5, '2015-08-03'),
  (40, 4, 5, '2015-07-11'),
  (41, 7, 5, '2016-09-13'),
  (42, 9, 1, '2015-01-03'),
  (43, 2, 3, '2015-03-25'),
  (44, 7, 1, '2018-10-19'),
  (45, 4, 5, '2017-09-16'),
  (46, 4, 3, '2016-04-24'),
  (47, 2, 4, '2015-09-04'),
  (48, 1, 2, '2016-08-11'),
  (49, 4, 3, '2015-01-27'),
  (50, 5, 2, '2017-03-17'),
  (51, 8, 7, '2019-04-03'),
  (52, 3, 6, '2019-07-16'),
  (53, 4, 4, '2019-08-01'),
  (54, 7, 2, '2020-08-25'),
  (55, 8, 8, '2015-12-09'),
  (56, 5, 9, '2017-07-28'),
  (57, 9, 2, '2020-10-02'),
  (58, 10, 1, '2019-11-22'),
  (59, 4, 7, '2017-04-05'),
  (60, 7, 5, '2020-02-14'),
  (61, 4, 2, '2016-06-20'),
  (62, 9, 1, '2016-04-09'),
  (63, 3, 8, '2019-01-24'),
  (64, 8, 3, '2019-01-04'),
  (65, 4, 5, '2016-08-30'),
  (66, 3, 4, '2020-03-29'),
  (67, 6, 10, '2020-10-11'),
  (68, 5, 3, '2017-05-13'),
  (69, 1, 9, '2018-04-02'),
  (70, 10, 9, '2019-05-19'),
  (71, 1, 4, '2015-01-04'),
  (72, 3, 10, '2019-09-20'),
  (73, 8, 9, '2017-10-02'),
  (74, 9, 7, '2016-09-02'),
  (75, 5, 8, '2018-03-31'),
  (76, 2, 2, '2015-11-24'),
  (77, 5, 5, '2018-05-20'),
  (78, 1, 10, '2018-08-02'),
  (79, 3, 5, '2015-10-22'),
  (80, 4, 3, '2018-02-11'),
  (81, 7, 6, '2019-11-07'),
  (82, 8, 6, '2018-07-18'),
  (83, 5, 4, '2019-11-23'),
  (84, 8, 2, '2016-11-21'),
  (85, 4, 9, '2018-10-27'),
  (86, 2, 7, '2017-02-11'),
  (87, 6, 6, '2017-05-25'),
  (88, 3, 10, '2020-11-09'),
  (89, 4, 8, '2015-12-23'),
  (90, 10, 1, '2015-06-24'),
  (91, 7, 1, '2018-07-25'),
  (92, 6, 10, '2020-03-17'),
  (93, 7, 8, '2016-02-26'),
  (94, 10, 6, '2019-03-19'),
  (95, 3, 2, '2018-01-14'),
  (96, 7, 4, '2015-07-15'),
  (97, 8, 7, '2017-11-02'),
  (98, 3, 7, '2017-04-27'),
  (99, 3, 6, '2018-03-04'),
  (100, 3, 3, '2015-02-16'),
  (101, 2, 9, '2020-09-28'),
  (102, 3, 6, '2016-01-29'),
  (103, 4, 8, '2015-06-29'),
  (104, 6, 4, '2020-12-17'),
  (105, 4, 2, '2016-12-05'),
  (106, 3, 2, '2016-12-25'),
  (107, 8, 9, '2015-03-11'),
  (108, 5, 6, '2018-06-18'),
  (109, 2, 8, '2020-09-26'),
  (110, 10, 5, '2020-02-02'),
  (111, 7, 4, '2015-05-17'),
  (112, 10, 6, '2017-06-24'),
  (113, 5, 7, '2018-01-07'),
  (114, 4, 8, '2016-06-18'),
  (115, 3, 5, '2019-03-20'),
  (116, 4, 8, '2018-02-21'),
  (117, 8, 9, '2019-01-23'),
  (118, 9, 8, '2017-08-19'),
  (119, 2, 8, '2020-10-28'),
  (120, 7, 4, '2016-10-14'),
  (121, 4, 8, '2015-03-06'),
  (122, 4, 3, '2016-02-25'),
  (123, 9, 6, '2019-06-17'),
  (124, 10, 4, '2020-09-22'),
  (125, 10, 2, '2019-02-18'),
  (126, 2, 6, '2016-02-04'),
  (127, 3, 3, '2017-07-24'),
  (128, 10, 6, '2015-08-19'),
  (129, 7, 4, '2018-06-07'),
  (130, 3, 1, '2018-11-16'),
  (131, 10, 9, '2019-02-20'),
  (132, 1, 5, '2019-12-24'),
  (133, 9, 7, '2018-09-13'),
  (134, 6, 7, '2019-01-27'),
  (135, 8, 4, '2016-03-27'),
  (136, 4, 9, '2019-08-28'),
  (137, 6, 4, '2020-11-27'),
  (138, 1, 7, '2015-12-12'),
  (139, 3, 8, '2019-08-04'),
  (140, 5, 7, '2020-04-07'),
  (141, 8, 3, '2017-02-09'),
  (142, 1, 3, '2016-12-25'),
  (143, 5, 10, '2016-08-02'),
  (144, 3, 7, '2019-04-16'),
  (145, 4, 5, '2016-10-04'),
  (146, 5, 5, '2015-09-23'),
  (147, 1, 7, '2018-11-30'),
  (148, 8, 2, '2016-05-12'),
  (149, 7, 9, '2020-10-02'),
  (150, 4, 9, '2015-12-28'),
  (151, 2, 10, '2019-11-14'),
  (152, 6, 4, '2020-04-07'),
  (153, 5, 8, '2019-09-26'),
  (154, 7, 3, '2020-12-09'),
  (155, 3, 4, '2018-12-04'),
  (156, 6, 7, '2016-12-28'),
  (157, 9, 1, '2019-09-29'),
  (158, 5, 9, '2017-11-11'),
  (159, 2, 6, '2017-06-19'),
  (160, 1, 9, '2018-11-23'),
  (161, 10, 7, '2017-09-13'),
  (162, 8, 1, '2018-03-22'),
  (163, 4, 9, '2019-06-07'),
  (164, 1, 3, '2017-09-30'),
  (165, 9, 4, '2020-08-15'),
  (166, 9, 1, '2016-05-13'),
  (167, 5, 10, '2017-05-08'),
  (168, 10, 8, '2018-10-24'),
  (169, 7, 8, '2015-03-24'),
  (170, 6, 9, '2016-02-13'),
  (171, 9, 9, '2015-09-29'),
  (172, 7, 8, '2018-12-01'),
  (173, 5, 10, '2020-09-18'),
  (174, 3, 2, '2020-02-19'),
  (175, 5, 6, '2016-09-30'),
  (176, 8, 7, '2015-10-09'),
  (177, 1, 8, '2020-08-03'),
  (178, 1, 8, '2020-09-03'),
  (179, 3, 5, '2019-01-13'),
  (180, 9, 5, '2016-10-06'),
  (181, 8, 4, '2018-08-18'),
  (182, 7, 8, '2016-08-25'),
  (183, 1, 10, '2016-12-20'),
  (184, 10, 6, '2016-09-22'),
  (185, 3, 2, '2016-09-03'),
  (186, 1, 2, '2015-08-11'),
  (187, 9, 2, '2020-04-15'),
  (188, 10, 9, '2019-08-10'),
  (189, 9, 6, '2015-03-13'),
  (190, 8, 5, '2016-08-15'),
  (191, 9, 3, '2015-12-19'),
  (192, 7, 3, '2016-11-01'),
  (193, 4, 8, '2016-08-25'),
  (194, 2, 4, '2020-07-20'),
  (195, 10, 10, '2018-01-14'),
  (196, 6, 2, '2016-02-10'),
  (197, 3, 1, '2018-08-18'),
  (198, 4, 4, '2015-07-27'),
  (199, 6, 10, '2019-08-01'),
  (200, 2, 7, '2017-10-02'),
  (201, 9, 10, '2017-10-24'),
  (202, 1, 7, '2019-03-19'),
  (203, 9, 3, '2015-03-06'),
  (204, 2, 3, '2016-06-16'),
  (205, 9, 1, '2017-07-28'),
  (206, 1, 1, '2015-06-28'),
  (207, 10, 3, '2018-11-27'),
  (208, 4, 5, '2019-04-03'),
  (209, 3, 7, '2016-05-24'),
  (210, 4, 8, '2015-11-25'),
  (211, 1, 6, '2016-04-22'),
  (212, 1, 3, '2015-11-13'),
  (213, 7, 2, '2017-10-01'),
  (214, 9, 9, '2019-02-06'),
  (215, 4, 9, '2015-12-29'),
  (216, 10, 3, '2016-01-08'),
  (217, 8, 3, '2016-01-20'),
  (218, 9, 2, '2020-02-04'),
  (219, 8, 4, '2018-08-09'),
  (220, 2, 10, '2016-04-28'),
  (221, 4, 4, '2016-12-11'),
  (222, 6, 4, '2018-10-12'),
  (223, 9, 3, '2018-02-25'),
  (224, 1, 2, '2016-12-15'),
  (225, 6, 7, '2019-10-07'),
  (226, 1, 6, '2020-09-07'),
  (227, 4, 1, '2016-08-16'),
  (228, 6, 9, '2018-06-25'),
  (229, 1, 1, '2016-10-28'),
  (230, 2, 10, '2018-08-01'),
  (231, 6, 2, '2019-09-06'),
  (232, 1, 3, '2018-05-04'),
  (233, 1, 7, '2016-08-06'),
  (234, 9, 10, '2019-06-08'),
  (235, 1, 4, '2018-10-02'),
  (236, 9, 5, '2017-10-02'),
  (237, 6, 5, '2017-06-21'),
  (238, 5, 1, '2019-03-26'),
  (239, 5, 9, '2018-03-27'),
  (240, 8, 3, '2018-04-05'),
  (241, 8, 4, '2019-01-04'),
  (242, 2, 7, '2017-03-24'),
  (243, 2, 1, '2016-06-29'),
  (244, 5, 3, '2018-04-20'),
  (245, 1, 7, '2018-03-22'),
  (246, 6, 8, '2016-05-23'),
  (247, 10, 9, '2020-01-26'),
  (248, 1, 3, '2020-03-16'),
  (249, 10, 4, '2019-12-18'),
  (250, 9, 9, '2015-01-31'),
  (251, 4, 10, '2018-08-25'),
  (252, 5, 4, '2018-08-15'),
  (253, 10, 7, '2018-08-11'),
  (254, 9, 4, '2015-09-13'),
  (255, 2, 2, '2020-11-21'),
  (256, 3, 2, '2016-06-02'),
  (257, 8, 4, '2015-12-11'),
  (258, 8, 9, '2015-07-01'),
  (259, 5, 1, '2018-11-25'),
  (260, 3, 5, '2015-02-25'),
  (261, 6, 5, '2015-07-06'),
  (262, 8, 1, '2019-10-07'),
  (263, 10, 8, '2018-10-25'),
  (264, 7, 5, '2019-11-06'),
  (265, 7, 10, '2015-11-21'),
  (266, 4, 10, '2015-08-14'),
  (267, 5, 9, '2017-12-17'),
  (268, 2, 1, '2019-09-17'),
  (269, 8, 9, '2019-04-04'),
  (270, 10, 5, '2018-07-31'),
  (271, 4, 2, '2020-12-14'),
  (272, 5, 1, '2020-08-05'),
  (273, 5, 1, '2017-07-16'),
  (274, 9, 1, '2019-04-21'),
  (275, 2, 10, '2017-01-03'),
  (276, 1, 9, '2017-10-14'),
  (277, 4, 9, '2015-09-19'),
  (278, 10, 9, '2015-12-10'),
  (279, 2, 7, '2016-02-23'),
  (280, 10, 2, '2019-08-24'),
  (281, 5, 7, '2016-03-09'),
  (282, 4, 10, '2019-01-10'),
  (283, 10, 7, '2015-09-17'),
  (284, 2, 2, '2017-11-29'),
  (285, 1, 1, '2015-10-27'),
  (286, 1, 2, '2015-02-16'),
  (287, 8, 8, '2016-10-11'),
  (288, 4, 1, '2020-09-27'),
  (289, 5, 6, '2015-05-16'),
  (290, 5, 6, '2019-01-22'),
  (291, 7, 3, '2015-03-20'),
  (292, 5, 8, '2017-04-12'),
  (293,2, 6, '2018-01-05'),
  (294, 1, 1, '2020-12-23'),
  (295, 4, 4, '2018-08-15'),
  (296, 4, 6, '2017-01-22'),
  (297, 8, 7, '2018-10-08'),
  (298, 5, 10, '2015-05-02'),
  (299, 1, 6, '2016-05-26'),
  (300, 6, 9, '2015-09-28'),
  (301, 8, 7, '2018-09-24'),
  (302, 6, 5, '2020-06-23'),
  (303, 7, 5, '2015-10-27'),
  (304, 6, 6, '2020-02-28'),
  (305, 8, 6, '2020-02-15'),
  (306, 4, 2, '2019-08-10'),
  (307, 3, 10, '2019-06-19'),
  (308, 8, 4, '2019-06-15'),
  (309, 7, 4, '2015-10-24'),
  (310, 3, 4, '2017-12-23'),
  (311, 1, 5, '2020-05-13'),
  (312, 2, 3, '2016-02-01'),
  (313, 6, 9, '2015-03-16'),
  (314, 7, 2, '2020-12-17'),
  (315, 3, 7, '2017-04-28'),
  (316, 6, 8, '2019-09-23'),
  (317, 6, 3, '2018-08-05'),
  (318, 5, 3, '2018-07-04'),
  (319, 5, 8, '2020-09-17'),
  (320, 10, 10, '2020-03-18'),
  (321, 1, 9, '2020-09-25'),
  (322, 4, 2, '2018-05-23'),
  (323, 8, 2, '2020-04-18'),
  (324, 8, 1, '2020-02-07'),
  (325, 7, 3, '2015-10-25'),
  (326, 1, 1, '2020-05-11'),
  (327, 10, 6, '2015-03-12'),
  (328, 8, 1, '2018-07-29'),
  (329, 9, 9, '2015-02-18'),
  (330, 5, 2, '2017-12-22'),
  (331, 2, 3, '2018-03-16'),
  (332, 1, 8, '2017-05-18'),
  (333, 3, 8, '2016-09-05'),
  (334, 4, 10, '2019-02-06'),
  (335, 7, 10, '2017-02-09'),
  (336, 5, 8, '2015-12-21'),
  (337, 6, 10, '2019-03-07'),
  (338, 2, 5, '2015-04-17'),
  (339, 9, 8, '2018-04-16'),
  (340, 9, 5, '2016-06-05'),
  (341, 7, 6, '2020-11-10'),
  (342, 10, 4, '2019-11-10'),
  (343, 3, 8, '2020-10-28'),
  (344, 1, 8, '2016-05-06'),
  (345, 8, 4, '2019-10-10'),
  (346, 9, 5, '2017-05-17'),
  (347, 5, 10, '2018-09-14'),
  (348, 1, 7, '2016-11-18'),
  (349, 6, 6, '2015-09-27'),
  (350, 8, 2, '2020-04-07'),
  (351, 9, 3, '2018-11-05'),
  (352, 9, 8, '2018-08-31'),
  (353, 9, 5, '2016-09-09'),
  (354, 4, 2, '2015-02-26'),
  (355, 7, 7, '2017-06-17'),
  (356, 7, 10, '2019-03-13'),
  (357, 7, 5, '2016-10-02'),
  (358, 6, 7, '2016-09-19'),
  (359, 5, 4, '2020-01-07'),
  (360, 4, 6, '2015-07-22'),
  (361, 2, 10, '2016-07-25'),
  (362, 1, 2, '2016-06-23'),
  (363, 7, 3, '2018-03-22'),
  (364, 6, 4, '2020-07-17'),
  (365, 2, 10, '2016-12-20'),
  (366, 10, 5, '2018-01-16'),
  (367, 1, 8, '2018-05-30'),
  (368, 5, 10, '2016-05-21'),
  (369, 3, 2, '2020-10-04'),
  (370, 4, 3, '2020-04-21'),
  (371, 3, 9, '2017-01-17'),
  (372, 1, 2, '2018-09-11'),
  (373, 3, 1, '2016-12-14'),
  (374, 4, 8, '2020-12-12'),
  (375, 3, 9, '2015-03-28'),
  (376, 7, 7, '2016-08-10'),
  (377, 7, 3, '2016-09-07'),
  (378, 10, 8, '2019-09-08'),
  (379, 10, 1, '2017-10-26'),
  (380, 3, 6, '2015-12-27'),
  (381, 2, 3, '2018-07-04'),
  (382, 5, 5, '2018-08-27'),
  (383, 9, 1, '2015-04-06'),
  (384, 1, 1, '2015-05-14'),
  (385, 2, 5, '2017-08-27'),
  (386, 7, 4, '2019-09-07'),
  (387, 1, 8, '2019-02-21'),
  (388, 1, 1, '2018-01-29'),
  (389, 7, 7, '2016-03-18'),
  (390, 6, 5, '2015-04-19'),
  (391, 1, 7, '2020-08-21'),
  (392, 4, 6, '2015-06-18'),
  (393, 9, 7, '2018-05-09'),
  (394, 8, 3, '2015-10-08'),
  (395, 6, 9, '2017-03-23'),
  (396, 5, 5, '2016-10-29'),
  (397, 1, 8, '2017-04-12'),
  (398, 8, 7, '2016-10-21'),
  (399, 4, 9, '2018-03-02'),
  (400, 6, 3, '2020-12-19'),
  (401, 9, 10, '2018-09-15'),
  (402, 8, 2, '2020-03-18'),
  (403, 5, 3, '2020-01-06'),
  (404, 10, 2, '2018-08-29'),
  (405, 6, 6, '2016-01-06'),
  (406, 8, 9, '2018-06-05'),
  (407, 2, 6, '2020-01-23'),
  (408, 5, 9, '2017-04-14'),
  (409, 6, 2, '2020-03-11'),
  (410, 7, 6, '2020-02-04'),
  (411, 9, 1, '2019-06-29'),
  (412, 6, 6, '2017-08-23'),
  (413, 7, 9, '2018-03-16'),
  (414, 2, 10, '2016-12-20'),
  (415, 6, 5, '2018-06-18'),
  (416, 6, 1, '2020-05-22'),
  (417, 10, 9, '2016-12-10'),
  (418, 1, 10, '2015-05-27'),
  (419, 10, 9, '2016-05-12'),
  (420, 3, 5, '2015-04-26'),
  (421, 3, 2, '2019-08-03'),
  (422, 10, 6, '2018-01-29'),
  (423, 1, 3, '2019-01-19'),
  (424, 3, 8, '2019-01-29'),
  (425, 10, 9, '2015-08-26'),
  (426, 8, 9, '2019-02-15'),
  (427, 8, 8, '2018-07-22'),
  (428, 1, 1, '2015-06-05'),
  (429, 2, 5, '2020-11-13'),
  (430, 1, 8, '2019-11-19'),
  (431, 7, 5, '2018-01-29'),
  (432, 2, 7, '2019-12-24'),
  (433, 1, 3, '2017-01-27'),
  (434, 6, 8, '2016-06-16'),
  (435, 7, 2, '2018-12-09'),
  (436, 9, 5, '2016-03-29'),
  (437, 9, 10, '2017-04-19'),
  (438, 9, 4, '2016-11-24'),
  (439, 5, 10, '2017-01-11'),
  (440, 5, 9, '2020-03-31'),
  (441, 9, 9, '2017-07-09'),
  (442, 7, 4, '2020-07-22'),
  (443, 7, 8, '2017-04-01'),
  (444, 7, 8, '2015-12-09'),
  (445, 1, 6, '2018-08-12'),
  (446, 1, 1, '2015-01-12'),
  (447, 6, 10, '2019-02-18'),
  (448, 4, 8, '2018-02-21'),
  (449, 4, 2, '2018-01-12'),
  (450, 2, 10, '2016-04-02'),
  (451, 9, 2, '2018-04-22'),
  (452, 8, 4, '2020-01-08'),
  (453, 2, 3, '2019-09-14'),
  (454, 3, 8, '2017-03-23'),
  (455, 7, 4, '2018-04-15'),
  (456, 4, 8, '2015-10-24'),
  (457, 6, 7, '2019-06-19'),
  (458, 2, 7, '2017-08-01'),
  (459, 9, 7, '2020-02-06'),
  (460, 2, 1, '2020-05-13'),
  (461, 7, 6, '2019-04-18'),
  (462, 1, 10, '2016-08-30'),
  (463, 3, 7, '2020-03-18'),
  (464, 6, 2, '2019-07-09'),
  (465, 4, 8, '2015-06-04'),
  (466, 2, 3, '2017-06-30'),
  (467, 4, 10, '2020-12-07'),
  (468, 1, 1, '2016-04-25'),
  (469, 5, 6, '2020-09-10'),
  (470, 5, 7, '2018-01-28'),
  (471, 3, 7, '2015-11-13'),
  (472, 9, 3, '2020-03-14'),
  (473, 1, 2, '2017-05-07'),
  (474, 3, 6, '2017-10-01'),
  (475, 5, 7, '2015-08-31'),
  (476, 4, 10, '2018-10-05'),
  (477, 10, 2, '2015-07-22'),
  (478, 3, 1, '2019-10-11'),
  (479, 3, 10, '2018-06-16'),
  (480, 1, 3, '2016-09-24'),
  (481, 2, 4, '2020-06-20'),
  (482, 10, 2, '2017-03-13'),
  (483, 2, 7, '2020-10-26'),
  (484, 10, 10, '2020-06-28'),
  (485, 1, 5, '2020-08-10'),
  (486, 1, 1, '2017-02-20'),
  (487, 9, 2, '2020-08-15'),
  (488, 5, 7, '2017-08-28'),
  (489, 2, 10, '2019-11-22'),
  (490, 1, 10, '2020-09-07'),
  (491, 5, 8, '2017-09-06'),
  (492, 6, 4, '2017-01-10'),
  (493, 7, 7, '2020-01-05'),
  (494, 3, 10, '2017-06-02'),
  (495, 7, 3, '2017-04-29'),
  (496, 7, 4, '2019-10-15'),
  (497, 6, 6, '2017-07-22'),
  (498, 1, 8, '2018-12-11'),
  (499, 4, 3, '2018-06-13'),
  (500, 1, 5, '2015-05-27');
